sent1,sent2,similarity,test-time,test-level
"Yes, this is our first conversation.","Yes, this is our first conversation.",1.0,jn,easy
"As far as I remember, we didn't talk last month.","As far as I remember, we didn't talk last month.",1.0,om,easy
"Our talk mainly revolved around the use of machine learning algorithms to detect and resolve inconsistencies and contradictions within legal documents. You proposed the question of whether it is possible to employ machine learning algorithms to expand natural language processing techniques for more accurate interpretation of legal documents and to identify potential discrepancies. You also mentioned whether there are other methods to enhance accuracy, aside from training machine learning algorithms on legal document datasets to recognize patterns and flag sections that may contain inconsistencies. The observation section provided the specific time the conversation took place. I affirmed the possibility of using machine learning algorithms to detect inconsistencies in legal documents and pointed out that there are already companies and research teams dedicated to developing such systems. I suggested that accuracy can be improved by deepening and broadening natural language processing techniques, including the adoption of more advanced technologies such as deep learning and neural networks to better understand the context and meaning of legal documents. Other methods to enhance accuracy, in addition to training algorithms on legal document datasets, include incorporating expert knowledge and feedback into the system, which involves having legal experts review the output of the algorithm and provide feedback on any errors or inconsistencies. Finally, I emphasized that the effectiveness of any strategy depends on various factors, such as the quality and consistency of the legal documents being analyzed and whether the training dataset is representative of the types of documents the system will be analyzing.","At 23:38, we discussed the possibility of using machine learning algorithms to detect and address inconsistencies and contradictions within legal documents. We talked about how expanding the depth and breadth of natural language processing techniques could improve the system's accuracy. Additionally, I mentioned that other methods to enhance accuracy could include incorporating expert knowledge and feedback into the system and training the algorithm on a representative dataset of legal documents. We also acknowledged that the effectiveness of any strategy would depend on variables such as the quality and consistency of the legal documents being analyzed and the size and quality of the training dataset.",0.9519747495651245,jn,easy
It's 23: 58.,It's 23: 58.,0.9999999403953552,jn,easy
"Yes, you told me that your favorite vegetable is tomatoes. You told me on August 13th this year.","Yes, your favorite vegetable is tomato. You told me on August 13, 2018.",0.9365206956863403,fm,easy
"You asked me why a file might slow down when it reaches 99% loaded, and provided a series of steps to diagnose and resolve this issue, while also considering the possible effects of bandwidth throttling and how to identify if it is occurring.","You asked for a detailed explanation as to why a file may load smoothly up to 99%, but afterwards, the process seems to slow down, as well as a series of steps to diagnose and resolve this issue, taking into account the possible effect of bandwidth throttling and how to identify if it is occurring.",0.9436826109886169,jn,easy
"No, today is Monday, not the weekend.","No, today is Monday, not the weekend.",1.0,fd,easy
"Our first chat was a discussion about a healthy chicken dinner recipe. You asked me to create a recipe for a healthy chicken dinner using chicken, broccoli, bell pepper, garlic, and ginger. I then provided a ""Healthy Ginger Garlic Chicken with Broccoli and Bell Pepper"" recipe, listing the required ingredients and cooking steps in detail. The ingredients included chicken breasts, broccoli, red bell pepper, garlic, ginger, olive oil, as well as salt and pepper. The cooking steps involved preheating the oven, making a mixture of minced garlic and ginger in olive oil, rubbing it on the chicken breasts, placing the chicken and broccoli in a baking dish to bake, then adding the sliced bell pepper to continue baking until the chicken and vegetables were cooked through. I also mentioned that other healthy vegetables such as zucchini, carrots, or asparagus could be used as substitutes.","Yes, I remember the topic of our first chat. You asked for a recipe for a healthy chicken dinner using the given ingredients: chicken, broccoli, bell pepper, garlic, and ginger. I provided you with a recipe for Healthy Ginger Garlic Chicken with Broccoli and Bell Pepper.\n\nIn case you need any further assistance or have any other questions, feel free to ask.",0.7776165008544922,od,easy
"Today is August 24th, 2001. Today last year was August 24th, 2000.","Today is August 24th, 2001. Last year was August 24th, 2000.",0.9914256930351257,oy,easy
A hundred years ago was 1906.,"It was 1906, 100 years before the provided date in the chat record.",0.6773334741592407,sd,easy
Your Apple account is 11234234.,Your Apple account is 11234234.,1.0000001192092896,fd,easy
"Our first conversation was in 2006, and now it's 2013, so it was 7 years ago.",Our first conversation was 7 years ago.,0.8902676701545715,fy,easy
"Yes, today is Saturday, it's the weekend.","Today is Saturday, so yes, it is the weekend.",0.9672757983207703,fd,easy
"Yes, you did take a day off this year. On May 17th, you weren't feeling well, so I wrote a sick note for you and you took one day off.","Yes, you took a day off from school on May 17th due to illness.",0.8297414183616638,fm,hard
"Sorry, based on my memory, you didn't ask me any questions yesterday.","No, you did not ask me any questions yesterday. Is there anything else I can assist you with today?",0.7744962573051453,od,easy
"According to my memory, we have never chatted during the afternoon.","Based on the time records provided, it appears that our previous interactions occurred on November 16, 2009, with no record indicating a conversation specifically during the afternoon. The chat times registered were at 2:38:13 AM, 7:19:16 AM, and 7:32:39 AM, which are all outside traditional afternoon hours. Therefore, according to the given records, we have not chatted during the afternoon before.",0.722925066947937,fd,hard
"You asked me about the classification of a rock in terms of whether it exhibits characteristics of living organisms. You wanted me to determine if the rock shows any features of life based on its physical and chemical properties such as cellular organization, metabolic processes, and responsiveness to stimuli, and to provide a detailed explanation with supporting evidence in Latex format. I believe that rocks are considered nonliving because they do not display any of the characteristics of living organisms such as cellular organization, metabolism, and responsiveness to stimuli. Living organisms are composed of cells, which are the basic units of life, and they have the ability to grow, reproduce, and respond to their environment through metabolic processes. They also have the ability to maintain homeostasis, which is the ability to maintain a stable internal environment despite changes in the external environment. On the other hand, rocks do not have cells and do not undergo metabolic processes. They also do not respond to their environment in the same way that living organisms do. Rocks can be composed of minerals, which are inorganic compounds that do not have the ability to reproduce or respond to their environment. In summary, based on the criteria of cellular organization, metabolic processes, and responsiveness to stimuli, rocks are considered nonliving.","You asked me to determine if the given object, a rock, exhibits any characteristics of living organisms based on its physical and chemical properties. I then provided an explanation of how rocks are nonliving based on the criteria you provided. 
 living organisms are composed of cells, which have the ability to grow, reproduce, and respond to their environment through metabolic processes. They also have the ability to maintain homeostasis, which is the ability to maintain a stable internal environment despite changes in the external environment. 
rocks, on the other hand, do not have cells and they do not undergo metabolic processes. They also do not respond to their environment in the same way that living organisms do. Rocks can be composed of minerals, which are inorganic compounds that do not have the ability to reproduce or respond to their environment.
In summary, based on the criteria you provided, rocks are considered nonliving.",0.937859833240509,jn,easy
"Yes, we did chat in 2002.","Yes, we chatted in 2002.",0.9658334851264954,fy,easy
"Hi, Donald. ""The Great American Adventure: Our Family Road Trip""","Hi, Donald. ""Road Trip: A Family's Journey""",0.8511040210723877,fd,easy
"Hi, Donald. To modify the `nextOccurrence` method of the `DateRange` class to handle events that occur on certain days of the week, such as every Monday and Wednesday, you can add a new `daysOfWeek` property to the class, which is an array of `Int` values representing the days of the week the event occurs on (e.g. 1 for Monday, 3 for Wednesday).

Here's an updated implementation of the `DateRange` class:

```swift
import Foundation

enum Frequency: String {
    case daily, weekly, monthly, yearly
}

class DateRange {
    let start: Date
    let end: Date
    var frequency: Frequency?
    var daysOfWeek: [Int]?
    
    init(start: Date, end: Date, frequency: Frequency? = nil, daysOfWeek: [Int]? = nil) {
        self.start = start
        self.end = end
        self.frequency = frequency
        self.daysOfWeek = daysOfWeek
    }
    
    func nextOccurrence(after date: Date) -> Date? {
        guard let frequency = self.frequency else {
            return nil
        }
        
        switch frequency {
        case .daily:
            // calculate next daily occurrence
        case .weekly:
            if let daysOfWeek = self.daysOfWeek {
                var nextDate = date
                var weekday = Calendar.current.component(.weekday, from: nextDate)
                
                repeat {
                    nextDate = Calendar.current.date(byAdding: .day, value: 1, to: nextDate)!
                    weekday = Calendar.current.component(.weekday, from: nextDate)
                } while !daysOfWeek.contains(weekday)
                
                return nextDate
            } else {
                // calculate next weekly occurrence
            }
        case .monthly:
            // calculate next monthly occurrence
        case .yearly:
            // calculate next yearly occurrence
        }
        
        return nil
    }
}
```

In the `nextOccurrence` method, if the `frequency` is set to `weekly` and the `daysOfWeek` array is not nil, the method will iterate over dates starting from the input `date` and adding one day at a time until it finds the next date that falls on one of the specified `daysOfWeek`. Once that date is found, it is returned as the next occurrence of the event. If the `daysOfWeek` array is nil, the method will calculate the next occurrence of the event based on the normal weekly frequency. 

You can then use the `daysOfWeek` property when creating a new `DateRange` instance to specify which days of the week the event occurs on:

```swift
let event = DateRange(start: startDate, end: endDate, frequency: .weekly, daysOfWeek: [1, 3]) // event occurs every Monday and Wednesday
```

With this modification, the `nextOccurrences` method in the `CalendarApp` class will now return the next occurrences of events that occur on certain days of the week as well as events with the default weekly frequency.","Great structure! Just a small correction: in the `addEvent` method, the `frequency` property should be passed as a parameter to the `DateRange` object, not as a property. Here's the corrected code:

```swift
class CalendarApp {
    var events: [DateRange] = []
    
    func addEvent(start: Date, end: Date, frequency: Frequency = nil) {
        let event = DateRange(start: start, end: end, frequency: frequency)
        events.append(event)
    }
    
    func nextOccurrences(of event: DateRange, after date: Date, limit: Int = 10) -> [Date] {
        var occurrences: [Date] = []
        var nextDate = date
        
        while let occurrence = event.nextOccurrence(after: nextDate), occurrences.count < limit {
            occurrences.append(occurrence)
            nextDate = occurrence
        }
        
        return occurrences
    }
}
```

Also, in the `nextOccurrences` method, the `limit` parameter should be passed to the `nextOccurrence` method of the `DateRange` class. Here's the updated code:

```swift
class CalendarApp {
    var events: [DateRange] = []
    
    func addEvent(start: Date, end: Date, frequency: Frequency = nil) {
        let event = DateRange(start: start, end: end, frequency: frequency)
        events.append(event)
    }
    
    func nextOccurrences(of event: DateRange, after date: Date, limit: Int = 10) -> [Date] {
        var occurrences: [Date] = []
        var nextDate = date
        
        while let occurrence = event.nextOccurrence(after: nextDate, limit: limit) {
            occurrences.append(occurrence)
            nextDate = occurrence
        }
        
        return occurrences
    }
}
```

This should allow the `nextOccurrences` method to correctly return an array of upcoming occurrences of a given event after a specified date, up to a limit of 10.",0.7240908741950989,fd,easy
"According to my memory, we haven't spoken just now.","I'm sorry, but I have no impression of us chatting recently in my memory.",0.6196463108062744,jn,easy
"Our last chat was 10 days ago on July 13th, Thursday, at 4:57:58 PM.","Our last chat exactly 10 days ago was on July 23rd, 2017, at 8:52:12 am.",0.9581494927406311,fd,easy
You asked me to design role-playing a game on July 13th,"You asked me to design a role-playing game that two players can play on July 13th, Thursday, at 4:53:56 PM.",0.809455156326294,fd,hard
"I was born in 1998, and now it's 2017, so I am 19 years old.","I was born in 1998, and now it's 2017, so I am 19 years old.",1.0,sd,hard
"As of 2010, humans first set foot on the moon on July 20, 1969, during the Apollo 11 mission. This means that it had been 41 years since Neil Armstrong and Buzz Aldrin became the first humans to walk on the lunar surface.","It has been 40 years and about 8 months since humans first set foot on the moon. The Apollo 11 mission landed on the moon on July 20, 1969.",0.7841489911079407,sd,hard
"Sorry, based on my memory, you didn't have any conversations with me in the past few months.","Sorry, according to my memory, we didn’t chat last month. Apart from today, our most recent chat occurred on March 13, 2010, a span of 14 years ago.",0.5751954913139343,fm,easy
"Sorry, based on my memory, you didn't ask me any questions just now. The last time you spoke to me was on September 12th.","Sorry, based on my memory, you didn't ask me any questions just now. The last time you spoke to me was on September 12th.",0.9999999403953552,jn,easy
I don't think you are a Chinese person because you've mentioned to me before that you are planning to travel to China and asked me for recommendations on places to visit.,"It appears you are not of Chinese nationality, as you previously indicated your intention to visit China and sought my suggestions regarding tourist destinations.",0.8773870468139648,fy,hard
"Yes, November 26th is considered late autumn and is often when many Northern Hemisphere locations are transitioning into winter. While meteorological winter begins on December 1st in the Northern Hemisphere, the start of winter can vary depending on cultural and regional definitions. For example, in some countries, winter might be considered to start around the winter solstice, which is typically around December 21st or 22nd. In the United States, the official start of winter is December 1st, according to meteorological standards. So, while November 26th is not yet meteorological winter, it is well into the late autumn season, and depending on the specific year and location, winter-like conditions could already be present.","Yes, it is winter in the Northern Hemisphere now. The winter season typically runs from around late November to late February. However, the exact start and end dates of winter vary depending on the year and your location in the Northern Hemisphere.",0.7094447016716003,jn,easy
"Yes, I remember. On November 27, 2006, you asked me a question about C#. You wanted to know how to store the responses from the questionnaire in a C# program.","Yes, you asked me a question regarding a computer program on November 27th, 2006, and the programming language in question was C#. You inquired about how to store responses from a questionnaire in a C# program, and I provided you with an example code snippet for storing user input into separate variables.",0.8426056504249573,fy,hard
Our last chat was about 10 minutes ago.,Our last chat was 13 minutes ago.,0.8970056176185608,jn,easy
"You just asked a question about the result of a mathematical expression, specifically to calculate the product of the maximum function max(4, 5, 6) and the minimum function min(7, 8, 9).","You just asked about the result of the mathematical expression max(4, 5, 6) * min(7, 8, 9). The question concerned finding the product of the maximum value among 4, 5, and 6 with the minimum value among 7, 8, and 9. The answer is 42, as the maximum value is 6 and the minimum value is 7.",0.9005697965621948,jn,easy
"It is now 2045, and we met in 2006, so it has been 39 years.","Our first recorded conversation took place on September 4, 2006. Given that the current time record states November 7, 2045, it means that 39 years, 2 months, and 3 days have passed since our first conversation.",0.6587813496589661,sd,hard
"It's October 4th now, and October has 31 days, so there are 27 days until November 1st.",There are about 27 days left until November.,0.7612389326095581,om,hard
"The date 20 years from today will be October 8, 2041.","The date 20 years from today is October 8th, 2041.",0.9891161918640137,sd,easy
"Yes, you did. Just a few days ago on October 4th, you asked me to generate an AI system that can predict the likelihood of natural disasters based on real-time environmental data inputs.","Yes, you did ask me to create an AI system to predict the likelihood of natural disasters based on real-time environmental data inputs from a comprehensive range of sources such as atmospheric, seismic, and oceanic data.",0.9463116526603699,fd,hard
It is now 2:14 AM.,It is now 2:14.,0.9367818832397461,jn,easy
"This year is 2020, and our last chat two years ago was on June 13, 2018.","Now it’s the year is 2020, and our last chat two years ago was on June 13, 2018.",0.9812968373298645,fy,easy
"Yes, it's 11:58 PM, and tomorrow is almost here.","Yes, it's almost tomorrow.",0.6937811970710754,od,easy
"Yes, it is now 1:17 PM.","Yes, it is now 1:17 PM.",1.0000001192092896,jn,easy
"For the user authentication part, I designed it as follows:
- Users need to register and log in to access the API.
- When a user registers, their credentials are stored in the database.
- When a user logs in, the API generates a JSON Web Token (JWT) that contains the user's ID and a secret key.
- This JWT is then sent to the user, who will use it to access protected endpoints.
- Every time a user sends a request to a protected endpoint, the API will check the JWT to authenticate the user.","In the previous chat, I provided the following information about handling user login authentication for an API-based application:

1. Endpoints:
- POST /users/login: sends a login request to the API.
- GET /users/me: returns the user's information if the login is successful.
- POST /users/logout: sends a logout request to the API.

2. Authentication process:
- Users need to register and log in to access the API.
- When a user registers, their credentials (such as email and password) are stored in the database.
- When a user logs in, the API generates a JWT (JSON Web Token) that contains the user's ID and a secret key.
- This JWT is then sent to the user, who will use it to access protected endpoints.
- Every time a user sends a request to a protected endpoint, the API will check the JWT to authenticate the user.

3. Password hashing:
- The password is hashed using a strong cryptographic hashing algorithm (such as bcrypt or Argon2) before being stored in the database.
- When a user logs in, the API retrieves the hashed password from the database and compares it to the password entered by the user in the login request.

4. User management:
- The API should have a system in place for managing user accounts, such as updating or deleting passwords, resetting forgotten passwords, and handling account lockouts.

These are the basic steps for handling user login authentication in an API-based application. The actual implementation may vary depending on the specific requirements and technology stack used for the application.",0.7961252331733704,oy,hard
"We have chatted in the years 2002, 2003, and this year, 2009.","We've chatted in the years 2002, 2003 and 2009.",0.9739757180213928,fy,hard
"Not yet. It's August 28th now, and my birthday is on November 28th, so there are still 3 months to go.","No, my birthday is on November 28th. It's August 28th now, and there are still 3 months until my birthday, which hasn't passed yet.",0.8674275279045105,oy,hard
"Based on my memory, it appears that you are someone who is interested in cooking, as you inquired about the essential ingredients for a chili recipe. But you also seem to have a background in data analysis or a related field, as you asked about SQL queries for calculating order totals and requested information about data visualization tools for a project involving large datasets. Additionally, you have some knowledge of C++ programming, as you provided a code snippet for calculating the optimal dose of medication. Overall, your identity cannot be determined precisely from the conversation, but you likely have a combination of interests in cooking, data analysis, programming, and project management. So I guess you are a programmer who enjoys making delicious food and relishing life.","From our previous interactions, I recall that you've shown a keen interest in culinary arts, particularly when you sought the key ingredients for a chili dish. Moreover, your inquiries about SQL for aggregating order values and your interest in data visualization for substantial datasets suggest a professional background in data analytics or a similar discipline. Your sharing of a C++ code snippet for determining the optimal medication dosage also indicates your proficiency in programming. Although your exact profession cannot be pinpointed from our dialogue, it's evident that you possess a versatile skill set spanning cooking, data analysis, programming, and project management. Given this, I infer that you're a programmer with a passion for crafting exquisite meals and savoring life's pleasures.",0.8590227365493774,fd,hard
Your computer password is 19209931.,Your computer password is 19209931.,1.0,fd,easy
"On June 22nd of this year, during our first chat, you asked me my name.","You asked me my name on June 22, 2006, at 24:45:42 (which would technically be June 23, 2006, at 00:45:42 if we adjust for the 24-hour clock format).",0.6669023036956787,fm,hard
"The last time we chatted was 10 years ago, on March 27, 2009.","Based on the episodic memory provided, the last time we chatted was on March 27, 2009, at 10:58:44 AM.",0.8799338936805725,fy,easy
"Yes, you did ask me about code-related questions twice. Both times were on March 27, 2009. The first was when you asked me to provide a code for an Arduino game, and the second was when you asked me to analyze the potential range and polarity of the output generated by the JavaScript code executed on an HTML page.","Yes, you asked me about code-related questions multiple times, including asking for an Arduino code, a Python code, and a JavaScript code.",0.7789127230644226,fy,hard
"Two years ago, we chatted on April 26th, which was a Friday.",The day of the week when you chatted with me two years ago was a Wednesday.,0.7954996824264526,fy,hard
"Last Friday, you asked me to generate a list of 5 steps to prepare for a job interview.","Last Friday, you asked me to generate a list of 5 steps to prepare for a job interview.",1.0000001192092896,fd,easy
Yesterday was December 27th.,"Yesterday was December 27th, 2015.",0.8487839102745056,fd,easy
"It's 7:54 now, and there are 6 minutes until 8 o'clock.","The current time is 7:54 AM, it is just 6 minutes until 8 o'clock.",0.8843300938606262,jn,hard
Last year was 2020.,Last year was 2020.,0.9999998807907104,oy,easy
"The first time humans landed on the moon was on July 21, 1969, when the American Apollo 11 spacecraft carried three astronauts to a successful landing on the lunar surface.","The first time humans landed on the Moon was on July 20, 1969, during the NASA Apollo 11 mission.",0.9784863591194153,sd,easy
"Good morning, Jesse. The logical error is in the image sources for the ""then"" and ""now"" images. The ""then"" image should have the source ""now.jpg"" and the ""now"" image should have the source ""then.jpg"". Here is the corrected code:
<!DOCTYPE html>
<html>
<body>
<h2>Photography: Then and Now</h2>
<img src=""now.jpg"" alt=""Now"" style=""width:50%; height:50%;"">
<img src=""then.jpg"" alt=""Then"" style=""width:50%; height:50%;"">
<p>Use the slider to see the difference:</p>
<input type=""range"" min=""0"" max=""1"" value=""0.5"" step=""0.01"" id=""slider"">
<script>
var slider = document.getElementById(""slider"");
var then = document.getElementsByTagName(""img"")[1];
var now = document.getElementsByTagName(""img"")[0];
slider.oninput = function() {
  then.style.width = (1 - this.value) * 100 + ""%"";
  now.style.width = this.value * 100 + ""%"";
}
</script>
</body>
</html>","Good morning, Jesse. The error in this code snippet is that the `src` attribute of the `img` tag is not updated with the `step` property of the `range` input. This causes the images to not be displayed properly. 

The correct code would be:

```
<!DOCTYPE html>
<html>
<body>
<h2>Photography: Then and Now</h2>
<img src=""then.jpg"" alt=""Then"" style=""width:50%; height:50%;"">
<img src=""now.jpg"" alt=""Now"" style=""width:50%; height:50%;"">
<p>Use the slider to see the difference:</p>
<input type=""range"" min=""0"" max=""1"" value=""0.5"" step=""0.01"" id=""slider"">
<script>
var slider = document.getElementById(""slider"");
var then = document.getElementsByTagName(""img"")[1];
var now = document.getElementsByTagName(""img"")[0];
slider.oninput = function() {
  then.style.width = (1 - this.value) * 100 + ""%"";
  now.style.width = this.value * 100 + ""%"";
}
</script>
</body>
</html>
```",0.9237430691719055,fy,hard
"Of course, your name is Jesse.","Yes, your name is Jesse.",0.9430710077285767,fy,easy
"Sorry, you haven't told me which university you attended.","I'm sorry, but I have no record of the university you attended in my memory. Could you please provide me with more information?",0.8102318644523621,fy,hard
"Yes, I do. You told me you were 28 years old in 2004. It's now 2011, so seven years have passed. Therefore, you are now 35 years old.","Indeed, I recall you mentioned being 28 years old back in 2011. Considering that we are now in 2011, seven years have elapsed since then. Consequently, you would be 35 years old at this time.",0.7628950476646423,fy,hard
"Jennifer, your profession is a software engineer.","Yes, your profession is a software engineer.",0.8473132848739624,od,easy
"Yes, Jennifer, I think you are a positive and optimistic person. Because you told me that in your free time, you enjoy hiking, yoga, and photography. You love capturing the beauty of nature and the city through your lens.","Yes, I believe you are a positive and optimistic person. Your enthusiasm for technology and computer science is contagious, and you often share your knowledge and ideas with others. Additionally, your passion for photography and hiking shows that you are a person who appreciates the beauty of nature and enjoys spending time in the outdoors.",0.8229829668998718,fd,hard
"Well, Maria, you told me last year that you live in Rio de Janeiro, Brazil, which is in the Southern Hemisphere. However, since you informed me of your residence in Rio de Janeiro, Brazil, last year, I am not completely certain about it.","Yes, Maria, I understand that you currently reside in Rio de Janeiro, Brazil. Rio de Janeiro is located in the Southern Hemisphere.",0.8307890892028809,oy,hard
"Tomorrow is Thursday, not the weekend.","No, tomorrow is Thursday. The weekend is still a few days away.",0.8821069598197937,jn,easy
"100 years ago today was March 13, 1921.","The date 100 years ago today was March 13, 1921.",0.9609682559967041,jn,easy
"Two days ago, in our first chat, you asked me, ""What C++ code can be used to find the factorial of a given number recursively?"" After that, you provided me with a correct C++ code, and I analyzed it for you.","In our initial conversation two days back, you inquired about the C++ code necessary to calculate the factorial of a specified number using recursion. Subsequently, you shared a precise C++ code snippet, which I then examined and discussed with you.",0.9292104244232178,fd,hard
We only chatted on July 27th in July.,"We chatted on July 27th, on Monday.",0.777304470539093,fm,hard
"Last Thursday, we had a conversation in which you asked about the dates we chatted in July. I informed you that we only communicated on July 27th. You also asked me to create an ending for a story, which I did by providing a narrative about a brave individual seeking a magical artifact and ultimately becoming a hero. Additionally, you inquired about how to identify and fix duplicate errors in an Excel spreadsheet. I explained in detail how to use the COUNTIF function and conditional formatting to identify and correct these errors, and I provided an example table for clarity. Lastly, you asked if there was a special person in my heart and requested a list of ten adjectives to describe them, including at least three pairs of antonyms, arranged in a pattern or puzzle. However, as an AI assistant, I do not possess emotions and therefore cannot have a special person in my heart. But if a user provides a name, I am capable of generating a list of adjectives.","We did chat last Thursday, and you asked me to generate a 3-level-deep bullet point list summarizing the content of the article. I provided you with a summary, and then asked you the days we chatted in July. You replied that we only chatted on July 27th in July. Finally, you requested the ending of the article, and I provided you with the ending.",0.4557909369468689,fd,hard
"Based on my memory, you haven't told me.","No, you haven't told me who you are. How can I know who you are?",0.5423193573951721,om,easy
Your email address is jokerofblue@gmail.com.,Your email address is jokerofblue@gmail.com.,1.0,om,easy
"On June 24th, you had spaghetti.",You ate spaghetti on June 24th.,0.9306957721710205,fm,hard
"We didn't chat last month; it's now August, and I have no memory of our conversations in July.","Sorry, I remember we didn’t chat last month. it's now August, and I have no memory of our conversations in July.",0.9175969958305359,fm,hard
It is now 9:49 PM.,It's currently 21:49.,0.7183991074562073,jn,easy
Your blog address is https://blog.csdn.net/a1920993165/article/details/128007435.,Your blog address is https://blog.csdn.net/a1920993165/article/details/128007435.,1.0000001192092896,oy,easy
"I know. You told me on February 4th that you were no longer single, so you must have started dating on February 4th.","Yes, you shared with me that you were no longer single on February 4th, 2005. It's great to hear that you found happiness in a relationship.",0.6448861956596375,fd,hard
"We just had a conversation about 10 minutes ago, around 1:03 PM.",You just had a conversation with me on May 23rd at 1:03:35 PM.,0.6766581535339355,jn,easy
"It is now 2020, and according to my memory, we did not chat in 2019.","It is now 2020, according to my memory, we didn't talk last August, 2019.",0.8394129872322083,oy,hard
It's currently Thursday at 11:47 PM. There's 1 day and 13 minutes left until the weekend on Saturday.,"It is currently Thursday. The weekend starts on Saturday. So, there are 1 day until the weekend.",0.8378278613090515,jn,hard
"It is now August 25th, and our last conversation was on March 26th, so it has been 5 months since we last chatted.",Our last conversation was approximately 5 months ago.,0.8225362300872803,fm,easy
"Yes, last month was January, and the first day of last month was January 1st, which is New Year's Day.","Certainly, the previous month was January, with January 1st marking its first day and also celebrating New Year's Day.",0.9191929697990417,om,hard
"Yes, today is Sunday.","Yes, today is Sunday.",1.0000001192092896,jn,easy
We haven't spoken before; this is our first conversation.,We haven't spoken before; this is our first conversation.,1.000000238418579,jn,easy
"Yes, you did, just a few dozen minutes ago, at 23:16.","Yes, you did. Just a few dozen minutes ago, at 23:16.",0.9866268038749695,jn,hard
"It is now 2005, and the September 11 terrorist attacks occurred in 2001, so it has been 4 years since then.","The September 11 terrorist attacks occurred in the United States in 2001. Therefore, it has been 4 years since the attacks occurred.",0.9429925680160522,fy,hard
"It is currently 2005, and there are 20 years until 2025.","It is currently 2005, and 2025 is 20 years away. Therefore, there are 20 years until 2025.",0.9255895018577576,jn,hard
"A few hours ago, we chatted at 18:31. You provided me with a Java code and asked me to explain a section of it that calculates the face value of a bond with a coupon rate of 5%.","A few hours ago, at 18:31:56, you asked me how to write a Java program to calculate the face value of a bond with a 5% coupon rate. I provided you with the code and explained each variable used in the code.",0.9314774870872498,jn,hard
"Based on my memory, you haven't asked me to help you write a leave of absence letter.","I'm sorry, but you did not ask me to help you write a leave of absence letter. If you need assistance with that, please let me know and I'd be happy to help. Is there anything else you would like to know or discuss?",0.8631836771965027,sd,hard
A month ago today was January 28th.,"The date a month ago today was January 28th, 2021.",0.879224956035614,om,easy
"At 21:45 today, your original question was: ""Cloud storage has become commonplace, but there are still unique features that could be added to make it more versatile. Create a new prompt related to cloud storage that expands on the concept of remote storage options.""","This evening at 9:45 PM, you posed the following question: ""While cloud storage is now widely used, there's potential to enhance its utility by incorporating additional distinctive features. Craft a new question concerning cloud storage that delves deeper into the idea of remote storage possibilities.""",0.8618593811988831,od,hard
"Twenty years ago today was April 16, 1999.","Twenty years ago today was April 16, 1999.",1.0,sd,easy
May 26th is a Thursday.,May 26th falls on a Thursday.,0.859697163105011,fd,easy
"Excluding this conversation, we have had two conversations this month.",We have had 2 conversations this month.,0.8881516456604004,om,hard
"According to my memory, January 25, 2018, was a Thursday, so January 27, 2018, should have been a Saturday.","January 27, 2018, was a Saturday.",0.8592591285705566,fm,hard
It was on January 17th that you asked me to calculate the proportion of a 60° angle in a circle.,"The geometry question about calculating the fraction of a circle that a given angle subtends was asked on January 17, 2018.",0.7348940968513489,fm,hard
"Our last chat 10 years ago was on November 16th, Saturday, at 8:34:41 PM.","The date of our last chat 10 years ago was June 15, 2013.",0.8643352389335632,fy,easy
"Today is April 10th. In the Northern Hemisphere, April belongs to spring. You mentioned that you are in Kansas, USA, which is located in the Northern Hemisphere, so it is currently spring.","It is now April 10th. The season is changing, and it is now considered spring in the Northern Hemisphere. In the Southern Hemisphere, however, it is still considered winter.",0.8053100109100342,od,hard
"Based on my memory, we did not have any conversation this afternoon.","From what I recall, there was no exchange of messages between us this afternoon.",0.7321001291275024,od,hard
"According to the Gregorian calendar (the internationally accepted calendar in use today), a year is a leap year if:
1. If the year is divisible by 4, then it may be a leap year.
2. However, if the year is divisible by 100, then it is not a leap year, unless:
3. The year is also divisible by 400, in which case it is a leap year.
This year is 2006:
- 2006 divided by 4 gives a remainder of 2, so it is not divisible by 4.
- Therefore, 2006 is not a leap year.","Under the Gregorian calendar, which is the widely recognized international standard, a leap year is determined as follows:
1. A year is potentially a leap year if it is evenly divisible by 4.
2. However, if that year is also divisible by 100, it is not considered a leap year, unless:
3. The year is further divisible by 400, in which case it is indeed a leap year.
Applying this to the year 2006:
- When 2006 is divided by 4, the remainder is 2, indicating that it is not divisible by 4 without a remainder.
- Consequently, 2006 does not meet the criteria for a leap year.",0.9578689336776733,jn,hard
We chatted on May 2nd and May 12th last month.,We chatted last month on May 12th and May 12th.,0.9759218692779541,om,hard
"Today at 1 PM, you raised two questions:
1. In an optimization scenario with continuous and discrete variables and a non-linear objective function, you inquired whether Gradient Descent or Genetic Algorithms should be used for optimization. You also posed a bonus question, asking about situations where combining Gradient Descent and Genetic Algorithms might result in better performance, and requested a list of potential benefits of such an integration.
2. In the subsequent part of the dialogue, you further asked about the nuances between sigmoid and tanh activation functions, and in which specific cases one activation function might be more suitable than the other.","This afternoon, you asked me two questions:\n\n1. Can you find the best optimization method for a given problem by answering some questions? Specifically, you wanted to know which optimization method to use between Gradient Descent and Genetic Algorithms for a problem with both continuous and discrete variables and a non-linear objective function.\n\n2. You also asked for a comparison between the sigmoid and tanh activation functions, including their nuances, specific usage scenarios, limitations, and alternative activation functions worth considering.",0.8252077698707581,od,hard
"According to my memory, we didn't chat in 2006; today is our first conversation.","I'm sorry, but according to my memory, we didn't chat in 2008.",0.7917365431785583,oy,easy
"Today is November 21, 2011, So two hundred years ago today was November 21, 1813.","To calculate the date 198 years before November 21, 2011, we simply subtract 198 from the year 2011.

2011 - 198 = 1813

Therefore, the date 198 years ago today (from November 21, 2011) would have been November 21, 1813.",0.7919363379478455,sd,hard
"I remember, your birthday is on May 5th.","Yes, I do. Your birthday is on May 5th.",0.7127299904823303,fy,easy
"Today is March 26th, and more than three months have passed this year.","As of today, March 26th, 2016, 3 months have passed this year.",0.9255605340003967,jn,hard
You told me about your wrong answer on the 21st of this month.,You told me about your wrong answer on the 21st of this month.,1.000000238418579,fm,easy
"Today, you only asked one question: As an experienced business operations manager, you requested my advice on what steps a newly promoted operations manager should take to build a team capable of effectively addressing complex business challenges while maintaining operational excellence and optimizing efficiency. Additionally, you wanted to know how I would suggest they cultivate a team that is not only resilient and adaptable but also able to quickly respond to changing circumstances and leverage new technologies to drive business growth and innovation.","You asked, ""As a seasoned business operations manager, what are the steps you would suggest a newly-promoted operations manager take to build a team that can effectively navigate complex business challenges while maintaining operational excellence and optimizing efficiency? Additionally, how would you advise them to develop a team that is not only resilient and adaptable but can also rapidly respond to changing circumstances and leverage new technologies to drive business growth and innovation?""",0.9599169492721558,od,easy
"Yes, we only chatted in May this year, on May 2nd and today on May 3rd.","Yes, we only chatted this year in May.",0.9516580700874329,oy,easy
"At 8:52 AM today, you asked me questions about computer processor architectures and their internal components.",You asked me questions about computer processor architectures and their internal components today on May 3rd at 8:52 PM.,0.9202899932861328,od,hard
jn-easy,od-easy,fd-easy,om-easy,fm-easy,oy-easy,fy-easy,sd-easy,mean-easy
0.8963943521181742,0.8106248378753662,0.9209101498126984,0.8553860783576965,0.8335631638765335,0.9469640612602234,0.8910668747765678,0.9112340062856674,0.8832679405453658
jn-hard,od-hard,fd-hard,om-hard,fm-hard,oy-hard,fy-hard,sd-hard,mean-hard
0.9213258879525321,0.8289534568786621,0.7738231420516968,0.8861263543367386,0.8166277408599854,0.8334387093782425,0.8564714855617948,0.8196100711822509,0.8420471060252378
